"Tema","Indicador","Descripción","Año","Aguascalientes","Baja California","Baja California Sur","Campeche","Coahuila","Colima","Chiapas","Chihuahua","Ciudad de México","Durango","Guanajuato","Guerrero","Hidalgo","Jalisco","México","Michoacán de Ocampo","Morelos","Nayarit","Nuevo León","Oaxaca","Puebla","Querétaro","Quintana Roo","San Luis Potosí","Sinaloa","Sonora","Tabasco","Tamaulipas","Tlaxcala","Veracruz de Ignacio de la Llave","Yucatán","Zacatecas"
"Género","Mujeres Preparadas #Con Lupa de Género (Porcentaje)","Porcentaje de mujeres de 18 años o más que tienen al menos educación media superior",2023,46.4,50.8,53,41.1,44.1,48.2,0.28,28.3,59.9,42.6,33.7,30.4,39.2,44.2,46.8,33.5,44.1,44.9,41.4,29.8,39.6,43.4,49,36.3,50,48.9,42.3,47.1,40.3,38.5,40.9,33.7
"Género","Embarazo Adolecente #Con Lupa de Género (Porcentaje)","Porcentaje de nacimientos registrados de madres menores de 20 años",2023,16,13.3,13.2,13.6,16.6,13.6,0.17,17.4,10.6,17.6,15.9,18,15.1,14,15,15.8,14.9,15.6,12.7,16,17.5,12.7,13.6,14.8,14.8,14.5,16,13.7,17,16.9,14.3,15.7
"Género","Percepción de inseguridad en transporte público #Con Lupa de Género (Porcentaje)","Porcentaje de mujeres que dejaron de usar transporte público por temor a ser víctima de algún delito",2023,29.8,32.3,23.1,18.1,22.1,28.9,0.14,14.5,36.6,26.2,28.9,15.6,22.3,22.9,36.4,24.4,28.7,14.6,35.7,18.9,27.4,24.6,29.4,26.3,18.7,29.8,25.8,30.1,22,20.3,11.5,45.6
"Género","Mujeres que quieren trabajar y no pueden #Con Lupa de Género (Porcentaje)","Porcentaje de trabajadoras potenciales desocupadas, subocupadas o disponibles pero no activos en la economía",2023,17.6,17.7,15.7,25.5,17.6,18.1,0.29,28.7,28,26.9,32.2,13.9,17.2,11.8,22.5,27.9,22.9,20.6,17.6,30.8,26.1,12,14.2,25.2,31.3,19.6,33.9,25.4,34.7,36.1,17.1,27.6
"Género","Brecha de ingresos por género #Con Lupa de Género (Porcentaje)","Valor absoluto de la diferencia de ingresos mensuales promedio de hombres y mujeres dividida entre los ingresos mensuales promedio de los hombres",2023,10.5,10.3,13.2,10.7,17.7,24.4,0.01,0.8,13.4,18.6,16,16.4,19.8,16.9,12.6,20.6,19.6,16.4,14.3,14.7,14.1,19,15.1,11.1,19.4,14.7,14.8,11.4,21.2,6.7,19.5,12.2
"Género","Jornada laboral larga #Con Lupa de Género (Porcentaje)","Porcentaje de mujeres ocupadas que trabajan más de 48 horas semanales",2023,19,18.8,14.1,21.8,16,14.4,0.24,24,21.5,15.1,26.2,22.2,23.5,11.1,24.6,15.3,17.7,17,15.8,22.1,21.7,17.6,16.1,14.4,11.9,14.3,22.2,17.4,24.7,19.6,16.3,20.7
"Género","Informalidad #Con Lupa de Género (Porcentaje)","Porcentaje de mujeres ocupadas no agropecuarias en la informalidad)",2023,42.4,35.5,37.4,63.1,38.3,50.7,0.72,71.9,48,49.9,53.9,76.4,71.7,46.3,56.4,64.1,62.9,56.4,41.1,78.8,68.6,42.4,48.6,53.7,47.2,41.1,67.3,45.8,71,63.7,63.5,55.7
"Género","Pobreza laboral #Con Lupa de Género (Porcentaje)","Porcentaje de mujeres con ingreso laboral inferior al costo de la canasta alimentaria",2023,40.6,22.9,17.3,44.1,25.9,28,0.71,70.8,37.5,38.4,42.4,68.9,47.3,27.1,38.3,39.8,52.2,33,26.6,63.3,51.5,44.2,30.8,45.9,34,32.8,48,35.4,49.7,56.4,36.5,50.4
"Género","Cobertura de educación en la primera infancia #Con Lupa de Género (Porcentaje)","Porcentaje de niñas y niños de 0 a 5 años que acuden a una guardería, centro de cuidados o preescolar",2023,42.1,30.2,34.8,38.5,39.3,33.7,0.41,40.9,38.3,38.6,37.9,46.7,35.8,35.5,29.6,37.6,30,35.2,38.1,41.5,37.4,40.9,30.8,45.1,43.8,34,40.5,29.3,36,26.4,42.6,45.7
"Género","Igualdad laboral y no discriminación #Con Lupa de Género (Porcentaje)","Porcentaje de la población ocupada cubierta por la Norma Mexicana 025 en Igualdad Laboral y no Discriminación",2023,0.56,0.01,0,9,8,0,0.07,7,9.24,0.01,1.11,0.01,0.19,0.04,0.24,0.05,0.28,0.03,3.42,0.01,0.54,0.62,0,0.36,0,0.05,0.04,0.05,0.06,0.03,0.02,0
"Género","Desigualdad en trabajo no remunerado (TNR) #Con Lupa de Género","Porcentaje adicional de horas de TNR que realiza en promedio una mujer en comparación con el tiempo que dedica un hombre)",2023,75.4,65,66.9,68.2,66.7,68.4,76.9,67.1,66.2,69.1,79.4,71.3,70.6,74.9,73.2,79.3,71.3,70.9,72.2,70.6,75.4,82,72.9,74.4,75.7,70,68.6,66.9,73.5,78.8,70,73.9
"Género","Homicidios dolosos de mujeres y feminicidios #Con Lupa de Género","Mujeres víctimas de feminicidios y homicidios dolosos por cada 100 mil mujeres",2023,3.5,17.3,4.1,4.4,3.3,30.8,3.6,13.7,4.6,4.3,14,7.4,4.3,5.8,6,12.7,15.1,2.3,9,10,4.6,2.9,8.2,4.3,3.3,10.6,4.6,4.4,2.1,4.9,1.2,18.5
"Género","Oferta de cuidados de adultos mayores #Con Lupa de Género","Unidades de cuidado de adultos mayores por cada 100 mil habitantes de 65 años o más",2023,18,12.9,5.2,15.6,9.1,30.8,4.6,22,9.7,6.5,11.1,3.6,4.8,19.6,4.6,10.5,15.7,22.9,19.9,4.7,7.5,9,4.1,12.4,7.3,16.6,2.1,8.2,6.5,4.5,17.8,10.5
"Género","Permisos de paternidad #Con Lupa de Género","Días de permiso de paternidad remunerados para trabajadores del gobierno estatal",2023,10,15,5,15,10,15,30,5,42,5,5,10,56,15,45,20,15,15,60,5,10,5,60,5,5,5,5,10,45,5,8,5
"Género","Delitos sexuales #Con Lupa de Género","Carpetas de investigación de delitos de acoso y hostigamiento sexual por cada 100 mil habitantes.",2023,9.2,13.1,14.8,9.4,15.5,5.2,1.7,10.3,16.5,6.7,7,5.1,3.5,4.8,24.5,4.5,4.9,3.3,16.4,8.4,4.7,33.2,17.1,10.8,5,3.7,10.8,4.1,0.5,5.5,0.6,7.9
"Gobierno","Barometro de Información Presupuestal Estatal BIPE","El Barómetro de Información Presupuestal Estatal (BIPE) del Instituto Mexicano para la Competitividad (IMCO) evalúa la calidad y el nivel de transparencia de la información presupuestal de los gobiernos estatales.",2023,96.55,100,87.07,99.14,100,98.28,95.69,92.24,80.81,94.83,100,69.83,97.41,100,89.66,83.62,78.45,99.14,100,94.83,99.14,99.14,100,80.17,99.14,76.72,93.1,91.38,95.69,94.83,100,86.21
"Gobierno","Confianza en el Gobierno Estatal","Población de 18 años y más que habita en áreas urbanas de cien mil habitantes y más por entidad federativa, instituciones y sectores, según nivel de confianza en éstos. Noviembre a diciembre de 2019",2023,50.5,32.76,44.38,42.18,48.75,39.92,35.98,40.15,37.84,47.05,40.81,52.82,48.47,36.47,39.51,34.66,31.91,46.96,48.71,41.42,49.93,45.87,44.88,44.18,47.84,44.35,41.69,53.34,49.05,37.56,48.07,32.68
"Gobierno","Egresos brutos de los Gobiernos de los Estados (pesos)","Información referente a los ingresos y egresos anuales de los Gobiernos de Estados, Municipios, Ciudad de México y Alcaldías con el fin de mostrar su comportamiento en el ámbito económico y social, contribuyendo a la transparencia de la acción pública, así como coadyuvar en la toma de decisiones en materia de política económica.",2022,29198808232,74555468099,21360885083,24750147881,63588596409,20072416002,117191592574,89726741135,"NA",40022578151,107647270686,79291472914,59814455057,141285258386,349608153893,89703909345,35540385156,30192406225,154311321000,92798576284,110258957563,47421204946,42438218178,56170633136,66086184351,76745787465,64711091800,71875801426,25599835918,153573827120,48558677725,39066969614
"Gobierno","Índice de Desarrollo Democrático IDD-Mex","El Índice de Desarrollo Democrático de México (IDD-Mex) proporciona información rigurosa y medible sobre los avances y retrocesos experimentados por la democracia mexicana, a nivel nacional y en cada una de las 32 entidades federativas. El sustento metodológico y el rigor técnico con que se elabora este documento ha permitido que estudiosos y especialistas cuenten con índices para medir, comparar y evaluar el impacto de las políticas públicas tomadas por las y los gobernantes, y la forma en que la sociedad percibe dichas políticas.",2023,4864,6082,10000,7860,3874,6855,3904,5277,8679,6258,3071,1638,5755,6914,4790,3702,0,8032,5174,4130,3496,7261,3042,6877,5861,7358,6849,6558,4962,2788,9031,2640
"Gobierno","Índice de Monitoreo y Evaluación","Conocer el avance en la institucionalización de los elementos que favorecen, y forman parte, de los sistemas de monitoreo y evaluación en las entidades federativas. Este Diagnóstico permite analizar los instrumentos normativos y prácticos que intervienen en la consolidación de un sistema de monitoreo y evaluación en los estados.",2023,93.5,93.5,64.8,92.6,88,98.1,78.7,95.4,95.4,96.3,97.2,92.6,99.1,99.1,97.2,88.9,95.4,94.4,96.3,99.1,95.4,90.7,90.7,87,77.8,88,95.4,93.5,92.6,93.5,96.3,98.1
"Gobierno","Índice de Transparencia y Disponibilidad de Información Fiscal ITDIF","El Índice de Transparencia y Disponibilidad de la Información Fiscal (ITDIF) tiene como objetivo fomentar la práctica de la transparencia en los Gobiernos estatales, a través de la revisión de la información fiscal relativa a las gestiones financieras que realizan estos gobiernos y que deben publicar en sus portales electrónicos oficiales. Es un indicador estadístico y acumulativo que determina el nivel de disponibilidad y calidad de la información financiera y fiscal generada por las entidades federativas. El Índice permite valorar de manera integral la transparencia en la información fiscal en cada uno de los estados evaluados, y por ser acumulativo, año con año la medición retoma las variables de la versión anterior con su correspondiente actualización y se añaden variables nuevas, lo que permite un seguimiento continuo, así como observar el progreso o retroceso de los gobiernos estatales en la posición que obtienen en dicho indicador.",2021,78.04,71.82,78.48,82.87,76.85,70.03,57.55,75.13,49.47,75.27,97.2,34.57,83.01,91.91,98.68,76.05,53.78,94.88,94.48,78.3,94.48,98.68,95.03,94.91,81.59,82.01,70.37,64.51,46.99,85.86,97.2,62.46
"Gobierno","Índice del Estado de Derecho","El Índice de Estado de Derecho fue creado para medir, desde una perspectiva ciudadana, el grado de adherencia al Estado de Derecho en las 32 entidades del país. El IEDMX retoma el mismo marco conceptual y metodológico que el WJP ha aplicado por más de una década en el Índice de Estado de Derecho a nivel global, y lo ha adaptado para reflejar la realidad nacional.","NA",0.47,0.4,0.46,0.44,0.45,0.41,0.38,0.44,0.36,0.45,0.48,0.36,0.44,0.38,0.36,0.4,0.36,0.43,0.44,0.41,0.38,0.49,0.36,0.4,0.46,0.4,0.38,0.44,0.41,0.39,0.47,0.43
"Gobierno","Índice Global de Impunidad","Índice Global de Impunidad IGI MEX Desde la publicación en 2015 del primer Índice Global de Impunidad, la Universidad de las Américas Puebla ha señalado que la lucha contra la impunidad debería ser el elemento clave de una estrategia para combatir la violencia y la corrupción que afectan a México. Hemos demostrado que al quedar impunes las acciones de quienes violentan el sistema, la estructura y el funcionamiento de los sistemas de seguridad y justicia son incapaces de reducir las acciones que han conducido a los niveles de corrupción, violencia y violación a los derechos humanos que hoy afectan la vida de todos los mexicanos.",2022,62.29,69.84,49.05,49.08,57.08,56.18,62.07,55.13,55.13,60.64,59.97,60.36,61.71,63.4,74.55,61.99,61.49,49.08,61.64,61.3,63.9,63.65,60.32,61.14,62.59,60.26,58.99,59.55,57.78,65.56,57.25,54.49
"Gobierno","Ingresos brutos de los Gobiernos de los Estados (pesos)","Información referente a los ingresos y egresos anuales de los Gobiernos de Estados, Municipios, Ciudad de México y Alcaldías con el fin de mostrar su comportamiento en el ámbito económico y social, contribuyendo a la transparencia de la acción pública, así como coadyuvar en la toma de decisiones en materia de política económica.",2022,29198808232,74555468099,21360885083,24750147881,63588596409,20072416002,117191592574,89726741135,"NA",40022578151,107647270686,79291472914,59814455057,141285258386,349608153893,89703909345,35540385156,30192406225,154311321000,92798576284,110258957563,47421204946,42438218178,56170633136,66086184351,76745787465,64711091800,71875801426,25599835918,153573827120,48558677725,39066969614
"Gobierno","Nivel de satisfacción general con los servicios públicos básicos y bajo demanda","Mide el nivel de satisfacción de la población con respecto del agua potable, drenaje y alcantarillado, alumbrado público, parques y jardines, recolección de basura, policía, calles y avenidas, carreteras y caminos sin cuota. De igual forma, se mide la satisfacción de la población con los servicios de educación pública básica, educación pública universitaria, servicios de salud del IMSS, ISSSTE y Centros de Salud Estatales o Seguro Popular, energía eléctrica, transporte público masivo automotor, autobús de tránsito rápido, metro o tren ligero y autopistas con casetas de cuota.",2023,53.67,49.27,49.38,47.95,59.64,54.07,45.25,50.91,47.07,54.9,59.36,32.73,47.44,48.35,40.6,46.65,44.49,57.24,61.04,38.53,43.73,56.57,40.76,44.97,53.52,50.72,35.6,45.37,48.38,47.89,56.74,44.59
"Gobierno","Tasa de incidencia de la corrupción","La tasa se calcula dividiendo el total de actos de corrupción en la entidad federativa de residencia entre la población de 18, años y más que habita en áreas urbanas de cien mil habitantes y más que tuvo contacto con algún servidor público, multiplicada por 100 000 habitantes.",2023,18678.13,21607.97,14819.56,15659.2,20289.11,16248.62,18288.87,31903.88,28777.23,32459.66,27642.11,45214.84,30353.26,24390.81,25856.49,21412.93,23742.46,15529.29,24116.43,27315.05,19491.5,25822.45,25623.72,27001.48,29554.03,36278.58,31307.99,18671.24,24548.36,26199.46,16184.38,24533.69
"Gobierno","Tasa de prevalencia de la corrupción","Usuarios que experimentaron algún acto de corrupción en al menos uno de los trámites que realizaron. La tasa se calcula dividiendo el total víctimas de corrupción usuarias de trámites, pagos, solicitudes o contacto con autoridades entre la población nacional de 18 años y más que reside en zonas urbanas y que tuvo contacto con algún servidor público multiplicada por 100 000 habitantes.",2023,11950.55,14643.66,10521.66,11801.78,11464,10262.1,12600.12,21891.31,15738.95,15321.66,10888.55,18278.58,13107.49,14580.13,12030.57,12597.31,13679.5,9459.68,13354.14,16711.7,11896.77,12359.02,16953.72,15616.57,17727.77,16124.34,17938.18,12709.78,15241.72,13704.52,11419.04,8911.61
"Medio Ambiente","Áreas naturales protegidas de competencia todas las competencias","Las Áreas Naturales Protegidas son las herramientas más efectivas para conservar los ecosistemas, permitir la adaptación de la biodiversidad y enfrentar los efectos del cambio climático.","NA","NA","NA","NA","NA","NA","NA","NA","NA","NA","NA","NA","NA","NA","NA","NA","NA","NA","NA","NA","NA","NA","NA","NA","NA","NA","NA","NA","NA","NA","NA","NA","NA"
"Medio Ambiente","Capacidad instalada en las PTARs  (Litros por segundo)","Capacidad instala en medida de litros por segundo de las plantas de tratamiento en operación.",2021,30,12637.1,360.9,3,2771.07,10.2,4285,668,4929,561.9,630.8,3395,905,18035,26447,2730,66.1,0,15346,1040,785,1576.5,0,2320,11947.5,4794.08,8644.5,15381,35.5,7420,0,12
"Medio Ambiente","Emisiones de Contaminantes","Gestión de la calidad del aire en los que se determinan las emisiones de contaminantes provenientes de diversos tipos de fuentes establecidas en una determinada área geográfica, con una resolución espacial a nivel municipal o estatal, y una temporalidad en un año específico de actividad, también llamado año base.","NA","NA","NA","NA","NA","NA","NA","NA","NA","NA","NA","NA","NA","NA","NA","NA","NA","NA","NA","NA","NA","NA","NA","NA","NA","NA","NA","NA","NA","NA","NA","NA","NA"
"Medio Ambiente","Plantas Tratadoras de Aguas residuales","Plantas de tratamiento de aguas residuales capacidad y caudal en operación del sector privado y paraestatal, por entidad federativa",2022,317,43,"NA",2396,"NA",65,14,"NA",26,316,"NA",40,105,231,"NA","NA",227,"NA",57,"NA",321,239,31,175,"NA",298,82,43,69,"NA","NA",78
"Medio Ambiente","Volumen tratado en las PTARs  (Millones m3)","Volumen tratamiento de millones de metros cubicos en las plantas de tratamientos en operación.",2021,13.5,8563.41,331.8,3,2489.07,3.3,2640,357.4,3891,475,415.3,3063,528,17455,18089,2031,66.1,0,8716.37,266,448,1332.5,0,1869.15,9804.84,2530.59,7990.9,12751,14.4,4970,0,12
"Seguridad","Cifra negra","Porcentaje de delitos no denunciados.",2022,92.17,87.8,90.31,87.75,91.61,89.19,90.47,92.59,92.56,91.18,91.93,96.78,87.52,89.51,92.9,92.84,94.6,93.75,92.29,93.18,93.21,92.61,93.73,92.77,95.59,90.67,93.54,95.13,92.91,93.69,93.78,95.97
"Seguridad","Defunciones","Defunciones registradas por entidad federativa de residencia habitual de la persona fallecida",2022,8081,24693,4302,5687,21209,5683,31706,28824,69455,11710,42867,20619,18575,56388,100734,32822,15897,7740,38134,30078,44050,13551,8691,20328,17468,21721,14988,22259,8035,61555,15207,12376
"Seguridad","Extorsión","Registra la Incidencia del delito de Extorsiones.",2024,61,53,34,37,30,82,4,1,261,22,468,65,175,276,1699,158,165,8,418,69,67,108,97,63,51,36,85,37,1,471,1,40
"Seguridad","Feminicidio","Registra la Incidencia del delito de Feminicidios.",2024,3,18,3,5,11,4,13,22,30,6,11,9,7,12,33,8,29,4,38,9,25,3,4,5,8,17,14,8,8,27,4,3
"Seguridad","Homicidios","Registra la Incidencia del delito de Homicidios.",2024,129,1294,73,96,195,441,786,998,849,133,1855,915,228,1238,1899,1358,894,190,1048,1163,873,250,766,372,588,702,602,541,67,900,85,378
"Seguridad","Incidencia Delictiva del Fuero Común","La incidencia delictiva se refiere a la presunta ocurrencia de delitos registrados en carpetas de investigación iniciadas.",2024,21951,59096,11985,9379,30779,12529,6820,39396,114080,10130,76988,13203,27925,64548,188528,24947,23299,6253,46404,19665,39157,30465,26942,29450,16636,16653,22760,20534,1693,43717,2134,13320
"Seguridad","Índice de Paz México","El IPM proporciona una medición integral de la paz en México, que incluye tendencias, análisis y estimaciones del impacto económico de la violencia.",2024,2.33,4.42,2.61,2.38,2.07,4.74,1.74,3.57,2.73,1.96,4.06,3.27,2.34,2.73,3.45,3,4.12,2.08,3.62,2.58,2.38,2.63,3.68,2.87,2.79,3.25,2.28,2.33,1.61,2.37,1.31,3.79
"Seguridad","Lesiones","Registra la Incidencia del delito de Lesiones.",2024,2535,3661,1250,1931,2869,947,787,3220,5534,1399,8120,1756,3069,6702,31934,4372,2054,644,3838,2415,3209,3151,2430,2603,2218,1156,2352,1932,75,5288,152,1430
"Seguridad","Narco-menudeo","Registra la Incidencia del delito de Narco-menudeo.",2024,1025,4389,466,157,4294,818,66,2689,2441,381,10057,332,304,1051,1257,852,183,274,4180,249,964,770,1198,3355,116,1798,115,73,50,1359,244,155
"Seguridad","Número de accidentes de Transito","Número de accidentes de Tránsito en zonas Urbanas y Suburbanas",2023,4533,14245,5475,3609,11027,6110,4055,25432,7596,10728,16674,7647,3275,14132,19091,17488,9329,2630,76615,5362,12421,10767,7728,7705,7059,25325,2578,14912,1979,10419,8864,2421
"Seguridad","Percepción Sobre el Tema de la Inseguridad","Porcentaje de la población de 18 años y más que considera que el tema de inseguridad genera mayor preocupación en la percepción de la población.",2022,57.87,63.41,47.87,54.25,54.95,70.77,43.9,67.22,47.11,67.25,46.54,58.05,62.01,71.32,54.26,68.72,46.09,66.67,41.87,63.44,63.88,64.47,59.71,50.01,60.37,57.64,57.71,65.23,54.88,45.94,71.47,73.82
"Seguridad","Percepción sobre Seguridad Pública Inseguro","Población de 18 años y más por entidad federativa, según percepción sobre la seguridad",2023,49.66,68.5,33.37,61.6,44.13,80.91,68.07,78.11,80.1,51.71,82.89,76.69,62.98,78.73,88.01,80.77,86.97,46.25,67.03,74.42,78.32,54.5,78.15,76.55,62.47,76.17,78.17,74.9,62.37,81.39,37.81,91.93
"Seguridad","Percepción sobre Seguridad Pública Seguro","Población de 18 años y más por entidad federativa, según percepción sobre la seguridad",2023,49.71,28.18,64.84,35.47,53.68,18.09,29.17,20.47,19.05,45.62,14.69,20.6,35.61,19.88,10.02,17.86,12,52.17,32.07,23.05,20.72,42.4,20.85,21.98,36.01,22.11,20.81,23.08,34.76,17.46,61.88,7.81
"Seguridad","Porcentaje de delitos denunciados","Porcentaje de delitos denunciados con respecto al total de delitos ocurridos.",2022,15.2,13.7,11.51,14.18,10.57,13.06,14.33,10.73,11.83,12.47,8.27,6.13,19.31,8.67,10.72,9.42,10.24,9.66,6.92,7.82,9.16,12.52,12.45,7.53,4.73,9.3,7.25,9.48,10.64,8.83,8.04,9.53
"Seguridad","Robo a Casa habitación","Registra la Incidencia del delito de Robos a casa-habitación.",2024,1055,1442,507,442,542,403,62,1133,1695,208,1598,118,508,1155,3803,464,574,141,894,330,1110,979,610,404,284,245,451,588,167,1272,35,192
"Seguridad","Robo a negocio","Registra la Incidencia del delito de Robo a negocios.",2024,1013,2503,249,400,293,245,55,940,5232,243,2241,478,466,2082,8791,289,951,122,619,483,1823,1367,1022,599,868,317,708,882,80,2062,48,179
"Seguridad","Robo a vehículo","Registra la Incidencia del delito de Robo de vehículos.",2024,795,5856,288,259,186,457,676,1552,3125,284,1661,1198,1772,5385,16835,2818,2691,269,901,1173,5031,2232,1554,1439,1349,1038,1264,1247,861,2097,50,780
"Seguridad","Secuestro","Registra la Incidencia del delito de Secuestros.",2024,1,10,2,0,1,2,9,28,18,0,6,3,8,10,31,15,2,1,10,1,10,3,7,2,5,11,17,8,3,18,0,4
"Seguridad","Tasa de homicidios","TASA DE HOMICIDIOS POR CADA 100 MIL HABITANTES POR ENTIDAD FEDERATIVA",2022,6,70,11,12,5,113,9,53,8,7,68,38,12,22,19,46,57,15,23,17,16,8,33,26,18,58,14,13,11,8,2,87
"Seguridad","Tasa de Incidencia Delictiva (100 mil hab)","Permite medir la tasa de delitos por cada 100,000 habitantes para la población de 18 años y más, según la entidad federativa en que ocurrió el delito.",2022,26304.89,27210.71,22703.68,27727.09,29560.47,26360.71,14110.99,23726.31,46032.13,22684.96,23010.83,31375.71,19649.27,28925.66,36583.29,19483.87,32332.8,24023.34,31742.21,18824.93,32656.44,35823.44,30400.16,32680.64,28328.66,28600.59,30798.22,18205.11,31303.55,17128.97,23913.91,20680.35
"Seguridad","Tasa de Prevalencia delictiva","Registra la tasa de prevalencia delictiva por cada 100 mil habitantes.",2022,25541,23814,19901,21619,21500,19782,12536,20651,31876,18431,17726,17580,17863,23594,31182,15915,21715,18487,25159,15214,25090,26983,23459,20924,21357,24102,22915,15583,27115,13597,19883,16754
"Seguridad","Violación","Registra la Incidencia del delito de Violación.",2024,136,317,113,47,36,81,104,586,382,141,468,101,251,252,1328,190,221,160,534,199,189,230,369,313,138,70,155,270,5,217,27,82
"Seguridad","Violencia familiar","Registra la Incidencia de casos de violencia familiar.",2024,1638,7378,1546,933,6750,2033,504,7066,19215,2587,8298,1526,3807,7516,14549,707,3021,1283,9769,3349,4614,2906,3558,4912,3861,3946,3979,4228,13,5817,170,1966
"Social","Carencia por acceso a la seguridad social","Mide la población que cuenta con las prestaciones mínimas de manera directa o a través de núcleos familiares, así como contratación voluntaria, o porque es acreedor por medio de programas sociales de pensiones.",2022,34.71,34.67,29.86,54.66,24.37,35.93,77.88,32.39,39.29,46.16,50.15,71.63,65.43,41.97,52.1,62.81,57.98,51.52,27.18,74.33,67.25,43.22,42.41,48.2,39.12,33.17,58.29,39.45,61.89,60.92,45.84,57.01
"Social","Carencia por acceso a los servicios de salud","Población sin acceso a los servicios de salud, como seguro popular, en una Institución Pública de seguridad social, así como servicios privados de otras instituciones.",2022,26.19,28.41,17.34,34.57,19.68,21.94,66.07,21.49,28.75,30.16,33.15,52.74,50.41,37.13,44.15,51.21,46.45,34.09,22.83,65.71,48.28,30.43,32.37,34.55,26.58,24.43,44.8,27.95,45.23,49.22,35.13,36.72
"Social","Carencia por calidad y espacios de la vivienda","Mide las condiciones de calidad de la vivienda, de acuerdo con los materiales de los techos, muros, pisos y condición de hacinamiento.",2022,4.73,6.11,8.61,14.91,3.38,4.66,22.14,5.29,4.03,8.28,6.17,26.93,6.43,5.26,6.62,10.31,9.99,10.85,3.16,21.1,11.37,4.98,14.02,9.08,7.14,8.15,12.34,6.11,8.16,12.56,12.57,4.62
"Social","Cobertura Media Superior","Indica el porcentaje de alumnos atendidos en un nivel educativo, con respecto a la población que representa la edad para cursar dicho nivel.","NA",69.9,75,78,69,69.8,74.6,60.6,72.5,126.7,72.8,68,64.8,79.6,75.2,72.9,58.5,67.5,72.7,81.1,60,74.1,71,75.2,62.2,76.5,71.9,82.2,67.8,75.1,66.7,79.2,67.1
"Social","Cobertura Preescolar","Indica el porcentaje de alumnos atendidos en un nivel educativo, con respecto a la población que representa la edad para cursar dicho nivel.","NA",70.9,59.1,68.8,69.8,82,61.9,76.3,64.6,89,69.8,71.7,83.2,69.8,71.1,65.8,72.5,66.8,66.9,76,70.7,79,75.3,65.7,82.8,72.1,63.5,86,61.1,71.2,59.8,81.1,78.9
"Social","Cobertura Primaria","Indica el porcentaje de alumnos atendidos en un nivel educativo, con respecto a la población que representa la edad para cursar dicho nivel.","NA",101.9,102.3,99.8,93.5,94,90.3,106,105.3,121,100.3,99.7,100.2,100.4,104.6,98.9,96.7,96.7,92.9,104.6,99.8,102.7,107.9,106.8,99.3,98.4,95.9,100,95.4,101.2,92.5,108.8,100.7
"Social","Cobertura Secundaria","Indica el porcentaje de alumnos atendidos en un nivel educativo, con respecto a la población que representa la edad para cursar dicho nivel.","NA",92.7,101.5,100.4,86.3,93.2,86.8,82.8,94.6,123.6,91,91.8,86,99.9,94.5,95.6,81,90.7,90,100,89.3,91.6,103.1,107.1,91.4,94.5,94.4,96.6,91.3,97.2,83.4,99.4,93
"Social","Eficiencia Terminal Primaria","Es el porcentaje de alumnos que concluyen un nivel educativo, respecto al número de alumnos que ingresaron a este nivel en la cohorte correspondiente.","NA",100.2,102.8,101,99.5,99.9,99.6,97.2,102.2,98.7,96.3,97.3,97.5,102.7,101.8,94.3,89.2,95.3,99.3,103.7,89.4,97.2,103.6,103.6,99.9,101.7,99.2,99.5,99.6,98.7,97,108.5,98.1
"Social","Eficiencia Terminal Secundaria","Es el porcentaje de alumnos que concluyen un nivel educativo, respecto al número de alumnos que ingresaron a este nivel en la cohorte correspondiente.","NA",94.1,94.6,94.6,86.4,94,91.2,90.5,97.2,95.5,87.5,91.8,92.1,93.5,95.1,93.6,80.1,88.9,92.4,97.7,84.8,90.2,96.8,99.1,88,90.7,97.7,94.9,93.8,93.1,89,101.6,88.7
"Social","Grado Promedio de Escolaridad","Es el número promedio de grados escolares aprobados por la población de 15 años y más.",2020,10.35,10.2,10.34,9.63,10.43,10.05,7.78,10,11.48,9.75,9.04,8.37,9.37,9.9,10.08,8.6,9.84,9.73,10.74,8.12,9.16,10.48,10.24,9.61,10.22,10.4,9.69,10.09,9.83,8.75,9.59,9.25
"Social","Índice de Intensidad Migratoria DP2","Los indicadores involucrados en el índice de intensidad migratoria captan la recepción de remesas del extranjero y tres modalidades de la migración México-Estados Unidos. La fuente de información para los cuatro indicadores es la muestra del diez por ciento del Censo de Población y Vivienda 2010. Su construcción parte de identificar los cuatro rasgos de interés entre los miembros de las viviendas —sean residentes habituales de las mismas o lo hayan sido durante el quinquenio. La presencia o ausencia de estos rasgos entre los miembros o alguna vez miembros se considerará posteriormente para conformar una característica agregada de la vivienda.",2020,18.29,19.49,21.81,21.89,20.9,19.44,21.36,19.37,21.92,18.64,17.62,18.66,18.89,19.71,21.78,17.46,20.01,17.54,21.39,18.63,20.55,19.91,22.07,18.27,20.17,19.99,22.18,20.4,21.09,21.02,21.86,15.9
"Social","Índice de marginación","La marginación proporciona los elementos que permiten considerar las limitantes de desarrollo estatal y/o municipal.",2020,22.21,21.38,21.47,17.81,22.55,21.53,12,20.02,23.14,18.47,19.42,10.99,18.05,21.82,20.8,18.28,19.81,17.52,23.44,13.22,17.72,20.84,20.63,18.69,20.51,21.41,18.33,21,19.87,16.41,17.51,19.5
"Social","Índice de Rezago Social","Es una medida ponderada que resume cuatro indicadores de carencias sociales (educación, salud, servicios básicos y espacios en la vivienda) en un solo índice que tiene como finalidad ordenar a las unidades de observación según sus carencias sociales.",2020,-1.1,-0.64,-0.32,0.24,-1.15,-0.69,2.64,-0.52,-1.12,-0.05,-0.21,2.45,0.32,-0.62,-0.3,0.53,-0.13,0.04,-1.25,2.59,0.74,-0.52,-0.32,0.32,-0.57,-0.65,0.08,-0.62,-0.04,1.14,0.15,-0.45
"Social","Índice de Rezago Social Longitudinal","diez por ciento del Censo de Población y Vivienda 2010. Su construcción parte de",2020,0.21,0.41,0.42,0.93,0.21,0.45,2.31,0.53,0.1,0.73,0.82,2.02,0.88,0.57,0.59,1.32,0.71,0.76,0.08,2.07,1.16,0.43,0.6,0.87,0.51,0.34,0.9,0.5,0.67,1.42,0.78,0.66
"Social","Mortalidad Defunciones registradas","Defunciones registradas por entidad federativa de residencia habitual de la persona fallecida",2022,8081,24693,4302,5687,21209,5683,31706,28824,69455,11710,42867,20619,18575,56388,100734,32822,15897,7740,38134,30078,44050,13551,8691,20328,17468,21721,14988,22259,8035,61555,15207,12376
"Social","Mortalidad Defunciones registradas en Accidentes de Tránsito","Esta estadística mide la siniestralidad del transporte a nivel nacional, y se genera a partir del acopio y procesamiento de los datos alusivos a los accidentes ocurren en zonas no federales. Esta información contribuyó a la planeación, organización del transporte y la prevención de accidentes.",2022,4533,14245,5475,3609,11027,6110,4055,25432,7596,10728,16674,7647,3275,14132,19091,17488,9329,2630,76615,5362,12421,10767,7728,7705,7059,25325,2578,14912,1979,10419,8864,2421
"Social","Población con Ingreso Inferior a la Línea de pobreza extrema por ingresos","Mide la Población con ingreso inferior para adquirir una canasta de alimentos básica.",2022,6.07,2.81,2.85,15.91,5.9,4.42,36.64,5.32,5.88,13.27,8.38,27.22,12,4.73,12.12,12.93,11.62,10.13,3.81,24.86,19.13,4.61,7.07,13.41,4.48,5.59,15.88,8.03,16.93,18.76,10.19,16.33
"Social","Población con Ingreso Inferior a la Línea de pobreza por ingresos","Mide la Población con ingreso inferior para adquirir una canasta de alimentos, bienes y servicios básicos.",2022,32.98,18.78,17.89,51.02,28.82,27.33,70.04,25.54,32.17,43.48,41.39,63.72,46.07,29.16,52.95,46.37,47.78,35.31,25.68,61.42,60.75,29.22,32.96,42.25,28.31,27.85,50.05,37.52,62.95,57.68,45.71,53.04
"Social","Porcentaje de Abandono Escolar: Media Superior","Es el total de alumnos que abandonan las actividades escolares antes de concluir algún grado o nivel educativo, expresado como porcentaje del total de alumnos inscritos en el ciclo escolar. El resultado se multiplica por cien.","NA",9.3,9.2,10.7,7.9,12.4,8.9,8.1,15.1,8.6,13.3,11.8,10.9,11.5,0.5,7.9,14.6,12.6,12.2,7.6,4.1,7.6,12.4,10.2,7.7,14.6,11.3,7.7,11,1.6,9,8.7,10.6
"Social","Porcentaje de Abandono Escolar: Primaria","Es el total de alumnos que abandonan las actividades escolares antes de concluir algún grado o nivel educativo, expresado como porcentaje del total de alumnos inscritos en el ciclo escolar. El resultado se multiplica por cien.","NA",0.6,-0.5,0.4,0.9,-0.2,-0.4,0.7,-0.4,-0.2,1.1,0.6,0.8,-0.1,-0.3,1.3,1.7,0.7,0.1,-0.1,-2.1,1.1,-0.1,0,0.8,0,0.2,0.8,0.1,0.9,1.4,-1.5,0.7
"Social","Porcentaje de Abandono Escolar: Superior","Es el total de alumnos que abandonan las actividades escolares antes de concluir algún grado o nivel educativo, expresado como porcentaje del total de alumnos inscritos en el ciclo escolar. El resultado se multiplica por cien.","NA",4.7,4.6,15.3,12.3,10.4,14.1,3.4,9.5,7.5,10,6.7,14,7.9,2.7,9,12.4,6.5,7.4,0.5,12,7.8,4.7,17.6,10.7,2.7,13.4,7.6,10.1,9.5,13,6.2,14.8
"Social","Porcentaje de la Población en situación de Pobreza","Una persona se encuentra en situación de pobreza cuando presenta una o más carencias sociales y no tiene un ingreso suficiente para satisfacer sus necesidades.",2022,23.72,13.37,13.33,45.13,18.24,20.55,67.37,17.57,23.97,34.31,33.03,60.35,41,21.84,42.88,41.74,41.06,29.31,16.04,58.44,54.02,21.69,26.97,35.52,21.64,21.69,46.47,26.82,52.52,51.73,38.77,44.22
"Social","Porcentaje de la Población en situación de Pobreza Extrema","Una persona se encuentra en situación de pobreza extrema cuando presenta tres o más carencias sociales definidas anteriormente y no tiene un ingreso suficiente para adquirir una canasta alimentaria.",2022,1.76,1.31,0.76,9.64,1.8,1.21,28.21,2.1,1.71,6.3,3.24,22.23,6.78,2.12,5.96,7.53,5.85,6.43,1.07,20.23,11.4,1.72,4.15,7.41,1.81,1.71,11.16,2.86,6.75,13.14,5.6,5.13
"Social","Porcentaje de la Población en situación de Pobreza Moderada","NA",2022,12.06,12.57,35.49,16.45,19.34,39.16,15.48,22.25,28.01,29.79,38.12,34.22,19.71,36.92,34.21,35.21,22.88,14.97,38.21,42.62,19.97,22.81,28.11,19.83,19.99,35.32,23.96,45.77,38.59,33.17,39.09,"NA"
"Social","Porcentaje de la población vulnerable por ingresos","Unidos. La fuente de información para los cuatro indicadores es la muestra del",2022,9.25,5.41,4.56,5.89,10.58,6.79,2.67,7.96,8.2,9.17,8.35,3.37,5.08,7.32,10.07,4.64,6.72,5.99,9.64,2.98,6.73,7.53,5.99,6.73,6.67,6.15,3.58,10.7,10.43,5.95,6.94,8.82
"Social","Rezago Educativo","El indicador de rezago educativo toma en consideración los siguientes elementos. Se observa si la persona: 1.Tiene de tres a quince años, no cuenta con la educación básica obligatoria y no asiste a un centro de educación formal. 2. Nació antes de 1982 y no cuenta con el nivel de educación obligatoria vigente en el momento en que debía haberla cursado (primaria completa). 3. Nació a partir de 1982, es mayor de 15 años y no cuenta con el nivel de educación obligatoria (secundaria completa).",2022,15.67,16.09,14.46,19.15,14.34,17.66,32.51,16.15,9.51,16.92,23.18,26.56,18.85,18.49,14.11,29.42,17.74,18.26,14.37,29.6,23.16,16.98,17.55,19.23,16.85,15.59,16.61,15.62,16.06,27.82,21.85,21.86
"Social","Tasa de Ocupación no Permitida porcentaje respecto a la población de 5 a 17 años)","Ocupación no permitida. Comprende a las personas de 5 a 17 años que realizan ocupaciones y actividades que no están permitidas porque ponen en riesgo su salud, afectan su desarrollo o bien se llevan a cabo por debajo de la edad mínima permitida para trabajar, de acuerdo a la Ley Federal del Trabajo (LFT).",2022,6.7,3.4,5.7,6.6,3.9,8.7,13.5,5.1,2.5,7.3,9,15.2,8.4,8.6,5.1,9.2,5.9,12.6,4.2,11.8,10.4,4.1,4.3,7.6,5.4,5.5,6.7,4.6,6.2,8.7,9.3,9.3
"Social","Tasa de Quehaceres Domésticos en Condiciones no Adecuadas (porcentaje respecto a la población de 5 a 17 años)","Los quehaceres domésticos en condiciones no adecuadas son actividades dirigidas a la producción de bienes y servicios para el consumo de los miembros del hogar. Estas actividades no tienen una remuneración y afectan la salud o integridad física de quienes las realizan.",2022,5.7,3.5,8.3,6.8,3,9.7,9.1,5.7,1.7,7,8.3,12.9,7.8,8,4.2,10.6,5,8.1,4.7,8.4,9.5,3.3,3.1,8.1,3.8,5.9,9.9,4.8,4.7,8.7,7.5,8.9
"Social","Tasa de Trabajo Infantil (porcentaje respecto a la población de 5 a 17 años)","Se considera trabajo infantil cuando niñas, niños y adolescentes de 5 a 17 años participan en una o más formas de trabajo no permitidas. Se clasifica como ocupación no permitida a la que realizan personas de este grupo de edad en la producción de bienes y servicios destinados al mercado, o en ocupaciones de sectores económicos, lugares o actividades peligrosas. Asimismo, incluye a quienes realizan quehaceres domésticos no remunerados en sus propios hogares en condiciones no adecuadas, lo que incluye a niñas, niños y adolescentes que las realizan durante horarios prolongados o en condiciones peligrosas o riesgosas.",2022,11.6,6.5,13,12.6,6.4,17,20.8,10.1,4,13.1,15.9,24.5,15.5,15.4,8.8,18,10.4,19.1,8.7,18.5,17.9,7.1,6.9,14.4,8.8,10.6,15.1,8.7,10,16.3,15,16.7
"Económico","Población Económicamente Activa PEA","NA",2024,684581,1818443,460785,454127,1531162,384420,2255437,1813877,4910037,840692,2887812,1636413,1467760,4092603,8328673,2307150,902033,654186,2987074,1870606,3017372,1180840,980538,1338435,1481795,1442258,1118282,1667891,671439,3571395,1217362,687642
"Económico","Población Ocupada","NA",2024,664041,1779789,450552,447031,1467358,376325,2217149,1773276,4715069,815085,2797205,1617268,1436013,4034455,8024889,2267530,887869,641297,2899132,1844007,2965064,1149596,959122,1307582,1454239,1404536,1080044,1616433,650290,3512273,1197459,668927
"Económico","Población desocupada","NA",2024,20540,38654,10233,7096,63804,8095,38288,40601,194968,25607,90607,19145,31747,58148,303784,39620,14164,12889,87942,26599,52308,31244,21416,30853,27556,37722,38238,51458,21149,59122,19903,18715
"Económico","Tasa de Participación","NA",2024,59.08,59.72,68.3,62.14,60.09,67.17,55.8,60.06,61.4,59.9,59.54,61.65,58.55,60.31,59.45,61.76,56.84,66.82,60.95,58.69,60.82,58.69,65.35,60.45,61.11,60.87,58.57,60.05,61.3,56.15,64.7,55.19
"Económico","Tasa de Desocupación","NA",2024,3,2.13,2.22,1.56,4.17,2.11,1.7,2.24,3.97,3.05,3.14,1.17,2.16,1.42,3.65,1.72,1.57,1.97,2.94,1.42,1.73,2.65,2.18,2.31,1.86,2.62,3.42,3.08,3.15,1.66,1.64,2.72
"Económico","Tasa de Ocupación Parcial y Desocupación","NA",2024,5.77,5.81,8.15,10.4,8.98,9.41,5.72,6.27,9.96,11.05,8.51,9.14,9.97,4.14,8.55,10.23,6.61,9.58,7.69,10.66,5.96,6.16,8.75,9.9,9.99,8.37,11.78,9.27,9.97,8.12,11.97,10.86
"Económico","Tasa de Presión General","NA",2024,4.48,3.54,6.99,5.72,7.42,4.8,7.27,5.29,8.33,6.31,5.44,3.92,4.52,2.31,6.3,5.19,3.65,5.26,6.11,4.96,4.19,4.19,4.43,4.7,5.44,6.16,8.59,7.53,7.71,3.77,5.33,6.32
"Económico","Tasa de Trabajo Asalariado","NA",2024,77.11,72.29,73.89,60.72,78.35,66.74,45.48,76.75,68.3,69.38,68.9,44.18,60.83,71.27,68.5,61.51,62.77,62.58,77.59,44.01,60.45,68.22,69.58,67.36,67.9,73.29,65.3,72.05,63.56,62.13,65.34,65.19
"Económico","Tasa de Subocupación","NA",2024,1.84,2.24,5.93,8.85,3.75,4.96,8.62,4.67,9.57,4.3,9.36,6.42,8.91,2.62,6.45,10.69,3.87,5.46,3.8,12.12,6.55,1.91,4.56,5.38,8.89,4.23,11.67,10.47,12.04,7.11,6.36,9.2
"Económico","Tasa de Condiciones Críticas de Ocupación","NA",2024,24.87,31.75,22.17,40.24,29.81,22.48,53.97,33.11,32.89,35.87,37.17,33.81,32.66,20.64,39.05,32.71,27.1,28.97,22.04,34.88,44.51,28.51,29.99,30.19,25.39,28.46,39.86,43.86,45.6,41.67,34.47,33.82
"Económico","Tasa de Ocupación en el Sector Informal","NA",2024,19.24,18.4,18.63,26.87,20.66,18.06,26.87,15.18,28.08,24.02,26.74,40.89,35.57,24.31,33.61,30.71,35.45,26.87,21.53,38.54,33.24,22.93,22.67,25.92,22.57,20.48,31.34,21.01,40.24,28.64,33.16,24.52
"Económico","Tasa de Informalidad Laboral","NA",2024,38.95,37.41,37.65,58.61,33.77,47.74,70.9,34.5,46.49,49.79,54.29,78.56,70.9,47.88,54.34,65.44,65.73,58.4,36.04,81.12,70.1,43.53,46.04,51.95,49.42,40.39,62.06,42.03,69.48,66.54,59.28,59.87
"Económico","Trabajadores Asegurados Permanentes por el IMSS","Total de trabajadores afiliados al IMSS mensual, de los puestos de trabajo registrados por los patrones, de su salario base de cotización y de los asegurados registrados sin un empleo asociado.",45474,359241,1032738,221582,142410,873681,152549,261839,978037,3518092,259013,1120292,164483,278383,2023478,1853753,477044,219470,188072,1916963,234231,660865,712623,521486,488114,582684,654013,219061,701335,117593,770499,433576,194588
"Económico","Unidades Económicas","NA",2019,67313.58,127075.23,37718.13,50886.01,117978.82,41278.85,304825.13,133240.28,459651,88534.74,314325.69,244355.33,180358.99,397119.5,767547,311008.27,121094.49,75926.83,180143.17,318594.86,405110.7,115532.47,70224.98,148766.77,137582.96,123700.69,128327.16,141176.62,89075.65,142976.86,93504.17,"NA"
"Económico","Personal ocupado en la Unidades Económicas","NA",2019,487086.81,1246117.56,298218.05,292367.07,1162638.32,247980.7,1055904.82,1279444.01,4950851,486940.04,1720749.49,822393.39,691873.27,2433361.55,3346380.53,1141333.49,509484.02,355679.86,2039700.79,985203.64,1548692.82,853476.74,618179.11,786204.87,857005.33,983912.27,595282.03,1061028.1,334495.27,727591.97,416779.46,"NA"
"Económico","Producción Bruta Total","Resultados definitivos de los Censos Económicos 2019, de todos los establecimientos productores de bienes, comercializadores de mercancías y prestadores de servicios.",2019,421977.14,615636.27,104995.82,592383.25,1241790.59,80519.13,191044.29,542572.82,4280286.81,203320.94,1364944.42,115003.57,401036.69,1390382.82,1831551.34,325855.33,232809.82,74815.46,2195663.4,334615.73,775086,670968.41,248330.24,614215.64,269789.1,679332.35,436317.54,609593.76,126912.34,885308.84,219909.61,135280.47
"Económico","Indicador Mensual de la Actividad Industrial por Entidad Federativa (IMAIEF)","NA",2023,95.9,115.9,71.8,90.8,94.1,83.1,100.8,107.8,105.1,102.2,104.6,83.9,104.7,102.4,92.6,94.2,92.2,98.7,107.3,135.1,102.3,97.9,220.3,95.3,96,110.9,189.4,98.4,99.5,99.4,105.3,88.8
"Económico","Producto Interno Bruto (millones de pesos) / Porcentaje de Participación (VALORES CONSTANTES)","NA",2023,206714.88,599221.03,141176.06,462352.56,567404.54,101360.67,268174.26,566202.56,2944607.21,200396.98,682552.36,227407.69,251437.63,1186918.96,1575492.25,406942.65,186361.9,116192.35,1344947.07,249590.95,542718.72,388480.88,257699.11,354895.98,383065.99,572000.02,502306,481559.43,94889.13,767013.24,259829.01,150781.62
"Económico","Índice de competitividad estatal","El Índice de Competitividad Estatal (ICE) mide la capacidad de las entidades del país para generar, atraer y retener talento e inversión",2024,46.9,43.5,53.7,45.1,50.3,43.2,29.6,46,75,40.4,36.5,27.5,33.3,45.8,36.6,31.3,33.3,40.2,49.9,25,31.6,47.9,43.3,40.3,43.6,46.5,39.6,44.6,34.2,34.2,46.5,31.8
"Económico","Crecimiento Económico (porcentaje)","NA",2024,0.07,0.03,0.02,0.05,0.01,0.04,0.04,0.02,2.9,0.06,3.5,-0.01,0.01,0.01,0.02,0.03,0.01,0,0.04,0.04,0.02,0.04,0.11,0.04,-0.04,0.04,0.01,0,0.03,0.02,0.05,-0.03
"Económico","Productividad Laboral (pesos)","NA",2023,247,271,195,563,300,214,86,266,399,199,203,96,154,232,132,158,143,135,351,118,138,266,198,223,178,303,306,234,111,157,171,168
"Económico","Empleos Formales Generados Acumulados","NA",2024,5310,25659,1225,2061,15840,1353,3871,10317,-6091,3286,15338,6811,7049,22269,30476,3427,374,5307,36727,166,1316,11666,14329,7795,10208,27273,-12690,8935,2299,2163,411,479
"Económico","Informalidad (porcentaje)","NA",2024,0.39,0.37,0.38,0.59,0.34,0.48,0.71,0.34,0.47,0.5,0.54,0.79,0.71,0.48,0.54,0.65,0.66,0.58,0.36,0.81,0.7,0.44,0.46,0.52,0.49,0.4,0.62,0.42,0.7,0.66,0.59,0.6
"Económico","Deuda Pública (Porcentaje del PIB)","NA",2020,0,0.02,0,0,0.01,0.02,0,0.01,0,0.01,0,0,0,0,0.01,0,0,0,0,0.05,0,0,0.08,0,0,0.01,0.01,0,0,0.03,0,0.01
"Económico","Desigualdad laboral (coeficiente de Gini)","NA",2024,0,0.3,0.36,0.41,0.32,0.35,0.43,0.32,0.42,0.34,0.32,0.4,0.4,0.3,0.35,0.36,0.31,0.36,0.36,0.4,0.37,0.34,0.33,0.36,0.35,0.32,0.42,0.34,0.35,0.4,0.39,0.34
"Económico","Ocupación del Gobierno (Población ocupada en el gobierno como porcentaje de la población ocupada)","NA",2021,0.04,0.03,0.06,0.07,0.04,0.06,0.04,0.04,0.05,0.04,0.03,0.06,0.04,0.03,0.05,0.04,0.03,0.06,0.05,0.03,0.03,0.04,0.05,0.04,0.04,0.05,0.07,0.05,0.03,0.04,0.06,0.05
"Económico","Inversión Extranjera Directa (millones de dólares)","NA",2023,1379.2,1472.8,1041,74.2,921.4,56.8,39.8,1979.5,11122.3,377.8,808.2,-179.3,285.4,2027.8,1927.2,198.4,195.5,309.7,2537.5,49.9,269.8,1107.1,985.1,115.7,415.4,2706.3,317.8,493.8,311.4,803.4,190.5,641.9
"Económico","Indicador Trimestral de la Actividad Económica Estatal (ITAEE) con un índice base 2018=100","El Instituto Nacional de Estadística y Geografía (INEGI) presenta los resultados del Indicador Trimestral de la Actividad Económica Estatal (ITAEE). Este ofrece un panorama sobre la evolución económica de las entidades federativas del país.",2024,100.2,107.1,101.6,90.3,95.1,102.8,109.3,109.7,103.5,104.4,102.3,98.2,108.1,103.8,103.9,105.9,98,104.1,106,118,101.5,1004.4,111,103.6,101.3,105.4,138.1,102.2,101.3,106.3,107.7,98.9
"Económico","Índice de la Tendencia Laboral de la Pobreza (ITLP)","El Índice de la Tendencia Laboral de la Pobreza (ITLP) es un indicador que da seguimiento trimestral a la evolución del ingreso laboral y su relación con el costo de la canasta alimentaria, pudiendo estimarse el porcentaje de personas en pobreza laboral.",2024,1.24,1.04,1.01,0.83,0.98,0.87,0.94,0.98,0.91,1.02,1.1,0.97,1.02,0.92,0.98,1.11,0.99,0.77,1.13,1.02,1.02,1.07,0.88,0.75,1,1.06,0.94,0.88,0.97,0.93,0.92,1.01
"Económico","Porcentaje de la población en pobreza laboral","NA",2024,38,21.7,16.7,34.4,25,22.8,63.6,24,26.6,35.4,36.7,54.9,47.6,22.1,34.1,35.5,46,24.5,22.8,59.7,43.9,37.2,24.46,32.9,25.9,28.7,39.2,29,45.1,46.1,31.8,48.3
"Económico","Ingreso laboral per cápita  a pesos corrientes (nominal)","NA",2024,3302.53,4803.79,5512.23,3282,3855.85,4299.49,1711.74,4241.9,4658.04,2918.85,2744.18,2024.7,2470.36,4000.96,3202.38,2931.84,2304,3896.04,4695.97,1759.65,2606.27,3163.58,4043.61,3190.14,3799.74,3630.82,2893.55,3686.95,2375.36,2465.88,3392.33,2238.05
"Económico","Ingreso laboral Per capita (Deflactado con la canasta alimentaria, pesos)","NA",2023,2561.21,4380.11,5199.5,2724.8,3538.72,3678.01,1411.84,3905.82,3973.15,2628.55,2356.32,1593.35,2165.11,3371.67,2740.63,2548.83,1943.4,3091.12,4008.07,1650.82,2277.03,2851.11,3529.2,2672.17,3517.2,3308.14,2604.96,3267.95,2071.47,1992.71,2997.64,2053.96
"Económico","Exportaciones","NA",2023,3362609,14236277,148170,3993066,16393767,349251,283889,18033646,952830,755215,9770278,344925,904187,6639499,5688906,1490291,784665,72015,14249199,236448,4938650,4587500,27104,6349115,477235,6774379,2817033,8661974,440641,1756658,449335,662409
"Económico","Ingresos por Remesas (millones de dólares)","NA",2024,205.09,319.02,34.25,36.12,212.13,105.49,921.04,323.05,1065.53,282.25,1177.77,704.54,375.33,1205.63,1031.15,1223.66,249.97,191.57,323.65,731.59,727.4,264.63,95.28,435.41,227.83,196.66,87.28,217.26,85.28,545.9,104.53,399.11
"Económico","Gasto corriente promedio trimestral por hogar","NA",2022,45315.23,50313.43,48198.51,35775.55,44004.96,43116.57,25942.88,40095.89,58897.63,35633.29,36458.7,30520.51,34085.62,44694.24,38648.63,40136.21,38009.27,38861.54,48395.64,26597.4,34027.34,48727.7,46145.03,38570.35,42911.1,42418.18,32025.46,39502.53,32953.19,29306.1,38077.05,34862.7
"Económico","Ingreso corriente promedio trimestral por hogar","NA",2022,78287.89,88912.22,91417.12,57458.39,75125.83,69320.74,39844.83,81929.18,89310.27,57219.93,60099.72,41754.07,53234.08,71744.44,57232.55,56958.73,57238.61,65325.66,86018.03,43342.93,49383.58,74955.57,71902.2,60144.3,71888.24,75270.48,52095.42,63520.76,46294.78,44637.11,62371.24,50135.51
"Económico","Patentes","NA",2024,10,3,0,0,5,3,0,8,52,0,11,0,10,49,12,9,4,0,17,1,13,2,2,5,4,7,1,4,0,6,1,2
"Económico","Superficie Sembrada (has)","NA",2022,116485.5,159393.32,42063.75,334905.29,230177.75,170183.28,1368788.14,1032113.52,14969.13,599586.56,919795.52,923775.83,478761.23,1624032.9,742688.43,1149944.81,140442.1,382714.3,301320.05,1381345.19,850688.84,107935.04,127604.11,640908.17,1029978.08,558060.73,260533.28,1203722.31,232437.33,1551124.73,706130.13,1157673.06
"Económico","Superficie Cosechada (has)","NA",2022,116057.15,153059.79,39262.97,313837.59,224111,169037.06,1350825.29,997259.48,14959.03,589888.24,897550.12,911042.7,468235.27,1558950.41,728706.63,1123213.61,137219.6,357018.8,290789.55,1346005.66,827383.98,91758.79,125142.11,599723.97,1022001.11,549558.02,256055.88,1146373.89,232412.33,1506963.18,701561.42,1143383.15
"Económico","Volumen de la Producción (toneladas)","NA",2022,2612818.78,2301308.56,812188.01,2297140.32,5552459.48,3755478.82,9525041.74,10187489.87,358743.42,9658659.69,10332997.6,5951228.54,6759070.58,35258072.38,7446572.42,12087331.34,3687024,5552977.41,2793911.32,23459540.26,7376595.99,1885249.48,2346649.76,11291591.17,11394519.77,6860013.05,3867778.45,9444138.46,1402834.16,29806436.53,5968041.07,7913765.65
"Económico","Valor de la Producción","NA",2022,4484404274.78,25694856601.15,7808382353.78,6892405688.48,10362445690.21,11138498997.73,22375256007.44,59837135040.71,1272591443.54,13477056443.26,51735611190.62,20575479559.98,9570976546.97,105657768387.52,25250225224.34,112003143716.87,10336895296.99,15892283354.73,5651508276.86,26760105332.65,20649082091.97,5145417017.12,4230818166.09,25877252503.56,70194634878.78,62594633541.33,8303229514.88,31751952485.74,4511153563.53,57184257622.5,6540160637.46,27290160236.87
"Económico","Ganado Bovino (Producción toneladas)","NA",2022,82053.17,190270.88,9932.15,43638.9,98484.12,21891.07,206037.6,167220.73,1035.13,209844.11,106951.18,84459.34,60644.87,463061.42,80533.09,186057.09,13105.42,35581.05,130672.65,121846.68,79429.04,63368.95,8280.59,227829.96,194793.58,140585.18,142031.01,81382.99,16365.62,515349.71,63020.79,87510.21
"Económico","Ganado Bovino (Valor de la Producción miles de pesos)","NA",2022,3672907.21,6983032.79,351877.43,1426164.36,3522445.66,832126.51,6263573.68,7072532.45,43108.44,7617874.65,4375732.71,2922679.18,2245898.1,19436965.31,3370596.36,6894557.56,473342.36,1367204.42,5995526.24,4049354.77,2282838.93,2777945.34,322387.29,9457208.33,6904199.66,6093736.97,5838734.33,3243251.12,642887.78,17699419.99,2377575.6,3457638.6
"Económico","Ganado Porcino (Producción toneladas)","NA",2022,24768.94,1410.61,1496.06,7615.25,7527.65,10060.5,41854.7,10690.01,2196.4,5784.38,170984.92,29399.92,21421.66,502521.47,29296.59,66246.46,7060.66,6429.87,25508.1,39377.58,231695,34770.72,5090.69,33654.49,25609.61,384063.18,17776.03,13114.97,16643.65,197365.33,198534.67,13938.11
"Económico","Ganado Porcino (Valor de la Producción miles de pesos)","NA",2022,812866.44,43055.15,39787.33,261235.66,258508.37,396759.68,1473791.62,349534.58,74011.99,186256.24,6072999.99,966953.06,724862.19,16494808.76,1043601.92,2240774.15,244118.67,231582.34,833782.58,1215422.21,7698446.32,1259922.22,187922.3,1198600.96,734371.14,11122489.21,671528.41,432499.71,587820.67,6991318,7345874.39,492415.2
"Económico","Ganado Ovino (Producción toneladas)","NA",2022,1597.47,574.93,437.68,3302.77,1356.51,209.74,3653.17,3015.67,417.69,902.12,4523.94,2899.53,13273.78,9813.49,17682.85,3511.8,1412.8,479.75,3466.24,4869.07,8471.79,2064.1,992.61,5801.93,2416.36,1060.16,630.4,2786.7,5902.81,11509.3,2066.91,8578.73
"Económico","Ganado Ovino (Valor de la Producción miles de pesos)","NA",2022,61924.15,23158.44,15917.3,112106.11,43573.75,8413.01,126018.3,98666.65,20410.04,29798.9,183750.9,109838.4,620638.1,441197.36,770490.15,133182.47,54751.51,16838.42,140949.86,188353.47,257136.13,99769.66,44569.03,225283.65,80579.56,40968.25,26631.74,102768.02,283647.92,434232.77,76128.09,331467.69
"Económico","Ganado Caprino (Producción toneladas)","NA",2022,332.24,411.27,857.66,81.25,7721.27,124.86,"NA",1296.55,"NA",1898.62,2805.92,7392.81,1546.85,3981.07,888.47,5080.57,1274.46,254.27,3141.58,7282.36,7572.08,339.03,50.4,8375.81,2220.11,542.36,"NA",2935.87,757.23,1359.4,14.28,8814.11
"Económico","Ganado Caprino (Valor de la Producción miles de pesos)","NA",2022,11730.03,15953.57,28013.83,2509.81,263346.18,5041.65,"NA",42888.13,"NA",64353.6,114933.05,250824.42,57666.87,158445.21,33451.01,176465.99,46807.39,8826.33,159371.59,256419.39,234408.28,12362.36,2033.67,296213.68,78310.18,19201.4,"NA",102594.8,29856.83,45231.19,507.11,303170.31
"Económico","Aves (Producción toneladas)","NA",2022,544160.82,1504.36,1028.35,30616.06,120460.82,16964.64,296431.13,4221.79,70.42,360885.91,292374.5,15536.64,120227.52,557731.38,146272.56,95565.37,85400.7,52755.6,91528.72,17221.67,268560.56,488238.56,8478.34,145333.46,185442.93,55501.44,29973.01,545.05,1032.02,644471.46,226523.21,3966.64
"Económico","Aves (Valor de la Producción miles de pesos)","NA",2022,14578236.75,36272,31558.6,852559.8,3120798.06,440321.63,7919692.53,105877.09,2201.21,9265770.38,8100516.98,504658.4,3240727.67,13954305.28,4301158.49,2164930.06,2372051.83,1423934.67,2343596.11,425003.84,6788919.9,13199619.62,285976.69,3684167.47,4793522.61,1429555.96,915220.05,13358.32,29495.03,17012095.53,6461362.61,112598.98
"Económico","Guajolotes (Producción toneladas)","NA",2022,"NA","NA","NA",777.69,"NA",5.17,1259.95,807.44,"NA","NA","NA",1349.5,1463.34,"NA",3067.59,167.01,"NA","NA","NA",811.73,3690.89,100.18,184.56,182.46,"NA","NA",1736.29,"NA",468.73,1932.81,6479.1,53.24
"Económico","Guajolotes (Valor de la Producción miles de pesos)","NA",2022,"NA","NA","NA",26813.72,"NA",156.19,60407.16,35446.81,"NA","NA","NA",53936.62,58946.36,"NA",131656.17,4697.36,"NA","NA","NA",37250.44,133788.47,3130.59,9861.36,4956.09,"NA","NA",86090.28,"NA",21801.43,89110.88,294446.68,1635.54
"Económico","Leche de Bovino (Producción toneladas)","NA",2022,434241.29,208654.61,34728.4,45411.98,1507637.33,45967.36,455560.64,1242356.27,11426.22,1476878.12,896517.95,90371.29,422682.6,2753101.24,428700.36,377196.25,21734.43,39186.43,18590.48,150155.32,456601.22,412749.6,6379.61,155578.64,98038.04,117675.09,104548.15,21341.01,82854.98,793677.37,2221.52,192089.29
"Económico","Leche de Bovino (Valor de la Producción miles de pesos)","NA",2022,3067419.83,1606640.46,272271.08,325604.3,12048957.45,367951.94,3023968.99,10955570.74,107850.12,11743716.18,6987434.68,816390.74,3094036.59,21224674.43,3268880.59,3208720.25,181014.96,311924.29,150381.42,1046313.83,3271615.16,3119574.1,44711.59,1148500.56,721604.55,934457.63,687368.52,158350.56,605128.84,5926699.48,18105.33,1602249.68
"Económico","Leche de Caprino Producción (toneladas)","NA",2022,"NA",495.66,4409.63,39.53,46153.32,2.7,"NA",7803.09,"NA",24985.92,44520.08,"NA",62.02,9869.36,"NA",4200.91,"NA","NA",4519.34,"NA",1943.11,2884.13,15.37,5246.7,"NA",623.54,"NA",108.25,1861.29,2417.29,"NA",6453.64
"Económico","Leche de Caprino Valor de la Producción (miles de pesos","NA",2022,"NA",3386.66,29545.37,304.75,338454.17,19.85,"NA",56601.66,"NA",186740.8,312004.85,"NA",498.6,71454.95,"NA",30870.74,"NA","NA",35568.34,"NA",14748.05,21194.83,122.36,40959.49,"NA",4254.06,"NA",838.58,13299.69,19229.52,"NA",46352.11
"Económico","Huevo para plato (Producción toneladas)","NA",2022,8822.89,31220.03,1020.53,4748.25,58642.57,1340.15,5277.53,5774.81,79.78,76739.45,69414.52,9108.37,6730.36,1668282.74,15403.23,20323.47,724.09,25180.65,93913.94,6785.1,461664.77,19518.33,485.08,113543.05,77740.4,179776.23,1345.6,1110.84,1696.29,17111.21,113157.17,5217.88
"Económico","Huevo para Plato (Valor de la Producción miles de pesos)","NA",2022,234522.18,801604.2,28609.04,125966.19,1483034.36,34733.38,169757.82,161320.2,2718.51,1934896.53,2018788.26,296493.81,214095.82,41897648.59,391707.44,531377.58,22364.71,662483.05,2406901.39,188442.09,11602993.23,510126.86,17654.03,2889205.01,2118889.65,4935638.98,43921.8,28894.48,47232.74,536353.57,3054580.5,129158.88
"Económico","Miel (Producción toneladas)","NA",2022,842.56,294.02,225.3,8274.28,221.34,522.15,5637.96,677.52,89.42,526.63,691.74,2081.29,1431.19,6078.84,939.36,2074.87,1998.67,476.15,203.48,4883.94,2440.43,57.49,3436.39,1295.49,192.08,527.68,413.48,798.61,515.3,5154.26,9220.19,2098.25
"Económico","Miel (Valor de la Producción miles de pesos)","NA",2022,41750.79,14951.17,11653.82,382192.9,11425.48,24949.13,253259.82,32266.89,4864.2,27289.38,35790.52,100349.36,64811.01,310778.52,50379.03,111001.29,89901.34,22828.71,10512.21,216961.32,117959.49,2810.9,158415.52,65346.52,9689.47,27410.62,20606.34,37445.39,26126.88,250932.42,423584.77,99369.13
"Económico","Cera Producción (toneladas)","NA",2022,"NA",6.76,6.59,130.77,7.35,13.04,125.17,9.98,"NA",22.52,1.1,55.71,44.78,180.45,17.22,78.49,"NA",9.92,2.55,132.98,60.35,1.8,108.19,38.56,1.11,"NA",12.41,26.66,14.19,183.92,152.93,87.56
"Económico","Cera Valor de la Producción (miles de pesos","NA",2022,"NA",371.58,467.21,10423.99,560.34,1049.17,9132.32,658.65,"NA",1726.89,66,3645.97,3604.33,14470.28,1280.23,6234.33,"NA",794.43,195.13,9887.45,4597.75,145.39,8552.32,3282.11,95.37,"NA",931.96,2044.06,1122.39,14963.55,11399.36,7080.06
"Económico","Lana Producción (toneladas)","NA",2022,"NA","NA","NA","NA",18.76,"NA",95.91,3.8,"NA",56.85,3.47,"NA",1575.79,"NA",381.36,68.43,"NA","NA","NA",155.09,190.68,"NA","NA",402.9,"NA","NA","NA","NA",213.99,60.21,"NA",558.51
"Económico","Lana Valor de la Producción (miles de pesos","NA",2022,"NA","NA","NA","NA",140.41,"NA",4145.25,30.37,"NA",239.01,20.81,"NA",4820.31,"NA",893.77,926.38,"NA","NA","NA",1114.72,1040.81,"NA","NA",3272.45,"NA","NA","NA","NA",457.56,185.2,"NA",3778.31
"Económico","Producción Pesquera (Peso vivo toneladas)","NA",2022,65173,278994350,167013581,49542778,3096,32064603,38594420,262690,"NA",10098,79648,8906175,455643,9738439,82558,6547908,570721,61671856,"NA",7407204,396394,363303,1943201,184690,366480357,804489203,18210366,26694264,64197,62037674,46823782,91174
"Económico","Producción Pesquera Valor de la Producción (Peso vivo miles de pesos)","NA",2022,5108605.08,2928127866.76,2352418697.16,2020335482.16,99340,994229692.59,958722621.19,7593590,"NA",777195.92,5563030,323270959.76,42238560.43,308609218.96,6501057.25,235567300.08,31873250,5085649815.7,"NA",316316743.76,28948008.39,21296730.05,299590394.82,10813142.78,14005838973.27,12341485112.2,437970468.31,1159776046.33,3834913,1574929056.04,3381263042.48,3649582
"Económico","Establecimiento de Hospedaje","NA",2021,208,701,485,296,459,290,1100,726,634,363,1071,967,713,2644,951,722,708,813,459,1495,1219,584,1200,548,684,549,529,743,405,2053,575,306
"Económico","Cuartos de establecimientos de Hospedaje","NA",2021,7978,28763,28175,8390,14555,9240,24120,22878,52764,6778,32016,34940,15003,78969,28648,18160,14195,36559,22269,30122,29694,15884,118772,15939,26781,23647,12956,28263,5825,51589,15480,7976
"Económico","Establecimiento de Hospedaje según categoría (1 estrella)","NA",2021,14,90,23,75,10,24,413,310,87,38,73,56,48,214,40,75,91,110,54,94,187,95,49,102,95,67,70,18,43,197,61,42
"Económico","Establecimiento de Hospedaje según categoría (2 estrellas)","NA",2021,30,74,20,65,49,29,148,157,105,52,130,158,95,245,77,137,118,131,25,162,182,100,86,93,131,90,38,144,61,249,53,34
"Económico","Establecimiento de Hospedaje según categoría (3 estrellas)","NA",2021,33,96,49,72,166,53,163,161,152,50,222,219,129,387,139,193,169,139,58,175,259,75,310,106,139,94,68,222,28,343,123,62
"Económico","Establecimiento de Hospedaje según categoría (4 estrellas)","NA",2021,28,59,42,29,65,49,84,56,130,21,148,96,50,313,73,91,81,39,74,133,130,74,136,69,107,72,25,122,6,179,72,54
"Económico","Establecimiento de Hospedaje según categoría (5 estrellas)","NA",2021,10,26,124,16,20,10,24,42,101,9,142,55,25,156,18,36,48,41,49,44,71,62,263,14,34,29,7,34,"NA",17,99,10
"Económico","Cuartos de Hospedaje según categoría (1 estrella)","NA",2021,322,2592,411,1227,206,462,6365,4752,3856,717,1572,1108,914,5523,746,1256,1059,1856,765,1997,2768,1122,837,1609,2532,1077,1365,2488,588,4453,952,808
"Económico","Cuartos de Hospedaje según categoría (2 estrellas)","NA",2021,738,2578,614,1473,1149,830,3328,3266,5656,942,2936,3353,2364,5383,2512,3102,1692,2629,782,3935,2690,1725,1873,1984,2352,2065,1051,8644,953,6107,1007,680
"Económico","Cuartos de Hospedaje según categoría (3 estrellas)","NA",2021,1609,5871,2166,1722,4453,1567,4589,5947,10576,1611,6722,6195,4052,12708,5003,5356,4306,3301,2692,4379,6603,2197,10050,3724,5930,3811,2796,8207,746,11161,3222,1643
"Económico","Cuartos de Hospedaje según categoría (4 estrellas)","NA",2021,3100,5645,3092,2136,4592,2980,4071,4644,13349,1002,10355,8807,1931,19834,5140,4403,2496,2379,7675,5386,7000,4495,15531,3893,6397,6124,2329,3537,347,10333,3619,2477
"Económico","Cuartos de Hospedaje según categoría (5 estrellas)","NA",2021,724,3102,18034,1449,2163,1214,1467,4269,17441,549,3988,10776,1057,13915,1342,1259,2110,12992,7335,3189,3570,4283,85249,1420,5919,3889,1160,1103,"NA",2252,4176,636
"Económico","Cuartos de Hospedaje según categoría (sin categoría)","NA",2021,"NA","NA","NA","NA","NA","NA","NA","NA","NA","NA","NA","NA","NA","NA","NA","NA","NA","NA","NA","NA","NA","NA","NA","NA","NA","NA","NA","NA","NA","NA","NA","NA"
"Económico","Llegada de Turistas Totales a la Entidad","NA",2021,769154,4380816,3104485,1250233,1895045,1390362,3280307,4914462,5886977,692412,3667741,6977485,1048727,7612622,1896254,2187822,1433561,2478727,2331511,2532217,2613143,1689387,12353910,1529519,5686777,1752831,1093074,1661488,249001,4615418,1938003,774961
"Económico","Llegada de Turistas a la Entidad por Tipo de Turismo (extranjeros)","NA",2021,80647,1263688,2068482,168082,262378,35763,357925,356359,1259757,11776,102306,208184,27542,1065063,81433,120581,48975,600430,388196,143940,208787,119018,9316744,64991,879989,160811,52485,98477,3406,188744,318749,35709
"Económico","Llegada de Turistas a la Entidad por Tipo de Turismo (nacionales)","NA",2021,688508,3117128,1036002,1082151,1632668,1354598,2922382,4558103,4627220,680636,3565435,6769302,1021185,6547559,1814821,2067241,1384586,1878296,1943315,2388277,2404356,1570368,3037166,1464528,4806788,1592020,1040590,1563011,245595,4426675,1619254,739252
"Económico","Oferta de Alojamiento en la Entidad (cuartos)","NA",2021,"NA","NA","NA","NA","NA","NA","NA","NA","NA","NA","NA","NA","NA","NA","NA","NA","NA","NA","NA","NA","NA","NA","NA","NA","NA","NA","NA","NA","NA","NA","NA","NA"
"Económico","Porcentaje de Ocupación en la Entidad con respecto al Porcentaje de Ocupación Nacional","NA",2021,1.09,3.08,0.78,0.74,2.56,0.63,3.67,3.09,8.05,1.41,4.71,2.73,2.48,6.97,13.35,3.72,1.49,1.05,4.78,3.1,5.13,1.89,1.66,2.19,2.46,2.51,1.76,2.82,1.11,5.77,2.06,1.16
"Económico","Longitud de la Red Carretera Federal","NA",2022,344,2185,1195,1381,1484,447,2655,2632,"NA",2586,1486,1906,916,2697,775,2698,520,1283,1254,3357,1696,861,877,2042,1316,2672,594,2268,694,3507,1333,1559
"Económico","Longitud de la Red de Alimentadoras estatales","NA",2022,1158,3683,1728,1089,3380,858,5020,"NA","NA",2683,2958,4516,2746,4578,4327,3027,3476,2038,2889,4537,5428,1173,2570,5857,3593,5090,5480,2837,1121,8138,1945,4934
"Económico","Longitud de la Red de Caminos Rurales","NA",2022,516,2272,1273,2050,3639,1594,15717,"NA","NA",10474,7210,6220,5290,14791,0,3114,396,1976,3099,22803,4668,1264,2415,5224,11928,"NA",4158,3233,1216,4355,5377,4456
"Económico","Longitud de la Red de Brechas Mejoradas","NA",2022,361,4284,1718,126,0,147,59,"NA","NA",930,1323,5973,2169,"NA","NA",4000,832,329,12,337,"NA","NA","NA","NA","NA","NA",298,"NA","NA",9344,3619,1295